Segment,Count,Sum_Of_Sales
At Risk,374,13864855.040000001
Dormant,42,407452.24
Loyal,80,5326879.74
Promising,213,15991999.56
VIP,13,3283160.1300000004
